Iteration,mu_diff,G_diff,Gimp_diff,density_matrix_diff,orbital_resolved_dm_diff
1,-0.0024930560454309303,0.023007701500636725,0.02661611220225606,-0.019902777863377796,-0.03661859914122889
2,-0.05130249460905034,0.014767779044096745,0.015762708078487585,0.011491462870987679,-0.020523125631543016
3,-0.05240181291036289,0.01892630016415113,0.01920735563438957,0.018339963023845218,-0.010093898684388591
4,-0.06397277448828187,0.01764414900098943,0.0067171329398024796,0.027486274785248455,0.003711633169566131
5,0.011107760014696044,0.0035216055244677207,0.019774882200309492,-0.005791142355525913,-0.008022893744703108
