Iteration,mu_diff,G_diff,Gimp_diff,density_matrix_diff,orbital_resolved_dm_diff
1,-0.0024930560454309303,0.023007701500636725,0.02661611220225606,-0.019902777863377796,"[0.0012767159873028344, -0.023376321981755988, 0.0026923684355355526, -0.01721136158231129]"
2,-0.05130249460905034,0.014767779044096745,0.015762708078487585,0.011491462870987679,"[-0.0027827943403864186, 0.002073712149774698, -0.003477264523158219, -0.016336778917773076]"
